{"cameraMode":{"drawMode":0,"name":"Shaded","section":"Shading Mode"},"sceneLighting":true,"audioPlay":false,"sceneViewState":{"m_AlwaysRefresh":false,"showFog":true,"showSkybox":false,"showFlares":true,"showImageEffects":true,"showParticleSystems":true,"showVisualEffectGraphs":true,"m_FxEnabled":true},"in2DMode":false,"pivot":{"x":-1.9600000381469727,"y":2.3205080032348635,"z":-5.989999771118164},"rotation":{"x":0.38880982995033266,"y":0.04750861972570419,"z":-0.020082002505660058,"w":0.9198794960975647},"size":7.274612903594971,"orthographic":false}