{"cameraMode":{"drawMode":0,"name":"Shaded","section":"Shading Mode"},"sceneLighting":true,"audioPlay":false,"sceneViewState":{"m_AlwaysRefresh":false,"showFog":true,"showSkybox":true,"showFlares":true,"showImageEffects":true,"showParticleSystems":true,"showVisualEffectGraphs":true,"m_FxEnabled":true},"in2DMode":false,"pivot":{"x":10.788450241088868,"y":0.43427813053131106,"z":-18.515769958496095},"rotation":{"x":0.2822949290275574,"y":-0.010652377270162106,"z":0.003129772376269102,"w":0.9592776298522949},"size":2.666025400161743,"orthographic":false}