{"cameraMode":{"drawMode":0,"name":"Shaded","section":"Shading Mode"},"sceneLighting":true,"audioPlay":false,"sceneViewState":{"m_AlwaysRefresh":false,"showFog":true,"showSkybox":true,"showFlares":true,"showImageEffects":true,"showParticleSystems":true,"showVisualEffectGraphs":true,"m_FxEnabled":true},"in2DMode":false,"pivot":{"x":665.8875732421875,"y":230.67393493652345,"z":293.8612365722656},"rotation":{"x":0.03448757901787758,"y":0.01798832416534424,"z":-0.0006208445993252099,"w":0.999244213104248},"size":452.70587158203127,"orthographic":false}